{"cameraMode":{"drawMode":0,"name":"Shaded","section":"Shading Mode"},"sceneLighting":true,"audioPlay":false,"sceneViewState":{"m_AlwaysRefresh":false,"showFog":true,"showSkybox":true,"showFlares":true,"showImageEffects":true,"showParticleSystems":true,"showVisualEffectGraphs":true,"m_FxEnabled":true},"in2DMode":false,"pivot":{"x":-23.49129867553711,"y":2.0923759937286379,"z":-0.7328109741210938},"rotation":{"x":-0.13906389474868775,"y":0.0650274008512497,"z":-0.009167027659714222,"w":-0.9881829023361206},"size":3.226362943649292,"orthographic":false}