{"cameraMode":{"drawMode":0,"name":"Shaded","section":"Shading Mode"},"sceneLighting":false,"audioPlay":false,"sceneViewState":{"m_AlwaysRefresh":false,"showFog":true,"showSkybox":true,"showFlares":true,"showImageEffects":true,"showParticleSystems":true,"showVisualEffectGraphs":true,"m_FxEnabled":false},"in2DMode":false,"pivot":{"x":-40.9044189453125,"y":12.055119514465332,"z":-23.14556884765625},"rotation":{"x":0.0017331191338598729,"y":0.9955242872238159,"z":0.006195599678903818,"w":0.10065124928951264},"size":24.658449172973634,"orthographic":false}