{"cameraMode":{"drawMode":0,"name":"Shaded","section":"Shading Mode"},"sceneLighting":true,"audioPlay":false,"sceneViewState":{"m_AlwaysRefresh":false,"showFog":true,"showSkybox":true,"showFlares":true,"showImageEffects":true,"showParticleSystems":true,"showVisualEffectGraphs":true,"m_FxEnabled":true},"in2DMode":false,"pivot":{"x":-0.18677346408367158,"y":1.278594970703125,"z":-1.5266542434692383},"rotation":{"x":-0.0037081348709762098,"y":-0.7241707444190979,"z":-0.0039130207151174549,"w":0.689769983291626},"size":1.3410674333572388,"orthographic":false}