{"cameraMode":{"drawMode":0,"name":"Shaded","section":"Shading Mode"},"sceneLighting":true,"audioPlay":false,"sceneViewState":{"m_AlwaysRefresh":false,"showFog":true,"showSkybox":true,"showFlares":true,"showImageEffects":true,"showParticleSystems":true,"showVisualEffectGraphs":true,"m_FxEnabled":true},"in2DMode":false,"pivot":{"x":13.363518714904786,"y":0.19568568468093873,"z":25.000629425048829},"rotation":{"x":0.035535912960767749,"y":0.3410712778568268,"z":-0.012889644131064415,"w":0.9392918944358826},"size":16.893089294433595,"orthographic":false}