{"cameraMode":{"drawMode":0,"name":"Shaded","section":"Shading Mode"},"sceneLighting":true,"audioPlay":false,"sceneViewState":{"m_AlwaysRefresh":false,"showFog":true,"showSkybox":true,"showFlares":true,"showImageEffects":true,"showParticleSystems":true,"showVisualEffectGraphs":true,"m_FxEnabled":true},"in2DMode":false,"pivot":{"x":-12.640941619873047,"y":4.463798999786377,"z":-7.876769542694092},"rotation":{"x":-0.007220516446977854,"y":0.9431735277175903,"z":-0.021642664447426797,"w":-0.3322021961212158},"size":12.12435531616211,"orthographic":false}