{"cameraMode":{"drawMode":0,"name":"Shaded","section":"Shading Mode"},"sceneLighting":true,"audioPlay":false,"sceneViewState":{"m_AlwaysRefresh":false,"showFog":true,"showSkybox":false,"showFlares":true,"showImageEffects":true,"showParticleSystems":true,"showVisualEffectGraphs":true,"m_FxEnabled":true},"in2DMode":false,"pivot":{"x":16.244609832763673,"y":3.226775884628296,"z":-49.231239318847659},"rotation":{"x":0.009146156720817089,"y":0.899874210357666,"z":-0.018913164734840394,"w":0.4356898069381714},"size":12.12435531616211,"orthographic":false}