{"cameraMode":{"drawMode":0,"name":"Shaded","section":"Shading Mode"},"sceneLighting":false,"audioPlay":false,"sceneViewState":{"m_AlwaysRefresh":false,"showFog":true,"showSkybox":false,"showFlares":true,"showImageEffects":true,"showParticleSystems":true,"showVisualEffectGraphs":true,"m_FxEnabled":true},"in2DMode":false,"pivot":{"x":-11.187942504882813,"y":0.25448623299598696,"z":1.24797785282135},"rotation":{"x":-0.038320139050483707,"y":-0.9368014335632324,"z":0.10903044044971466,"w":-0.33063647150993349},"size":3.6429035663604738,"orthographic":false}